{
    "train_loss": [
        0.0029476239337577477
    ],
    "train_acc": [
        0.03125
    ],
    "val_loss": [
        2.5187196339233013
    ],
    "val_acc": [
        0.0784
    ]
}