{
    "train_loss": [
        0.0007875289470923051
    ],
    "train_acc": [
        0.0
    ],
    "val_loss": [
        2.5167028111771654
    ],
    "val_acc": [
        0.0784
    ]
}