{
    "train_loss": [
        0.9052777356725573
    ],
    "train_acc": [
        0.711814851345639
    ],
    "val_loss": [
        0.6565091767297766
    ],
    "val_acc": [
        0.7856
    ]
}